Plot ,GT_DSC,AC,PV,TV,BD,FV,SB,LO,PT,PASTEMP_RECALC,HRD,ADH,COH,SPR,SMMAX,LM_SMMAX,TD_SMMAX,TEMP_GELPT,TEMP_SMMAX,TROUGH_SM,SLOPE1_SM,SLOPE2_SM_abs,SLOPE3_LM,SLOPE4_LM_abs,PC
Plt0011,76.48,23.6,278.58,188.67,89.92,359.08,80.5,170.42,5.9,76.8,1681.73,9.61,0.45,0.09,36146.67,3344,0.09,59.4,82.07,14333.33,9875.375,1612.16,2062.1675,2162.04,10.06
Plt0026,75.91,23.5,178.75,117.83,60.92,246.58,67.83,128.75,5.7,78.3,1372.38,8.5,0.39,0.09,55196.67,6615.67,0.12,58.17,76.67,20113.33,6943.11,1768.6675,2166.675,614.95,9.88
Plt0045,75.1,25.2,159.83,102.5,57.33,217.58,57.75,115.08,5.6,78.3,1338.51,7.47,0.38,0.12,35406.67,4055.67,0.12,59.07,80.23,12866.67,4125.1175,1367.6675,1061.1675,638.4,7.91
Plt0052,76.94,24.9,208.58,140.58,68,280.92,72.33,140.33,5.7,79,2138.97,22.93,0.39,0.1,30183.33,2615.67,0.09,61.4,83.53,12700,4798.2225,1396.01,1084.9775,1325.585,9.76
Plt0054,76.19,23.9,242.75,180,62.75,358.42,115.67,178.42,5.7,75.1,1248.32,7.4,0.36,0.11,39013.33,3962.67,0.1,61.23,80.77,15466.67,7372.0675,1671.9625,1685.415,1052.1825,8.45
Plt0057,68.44,24.5,126.92,77.5,49.42,168,41.08,90.5,5.7,70.45,1806.45,7.6,0.42,0.12,35453.33,2186.33,0.06,54.13,84.13,14166.67,10755.7225,1777.855,2085.61,2655.8,8.27
Plt0106,78.24,22.7,243.83,139.58,104.25,272.58,28.75,133,5.8,79.8,1832.63,43.78,0.44,0.1,31160,3676.33,0.12,59.23,80,10250,3830.02,1291.42,1696.5,1155.4175,7.74
Plt0133,75.39,25.2,265.83,202.42,63.42,327.92,62.08,125.5,6.2,79,2490.08,24.12,0.4,0.13,30960,2986,0.1,63.35,82.73,13800,3183.175,1346.895,1458.9775,505.325,9.76
Plt0135,75.97,26.4,202.83,113.75,89.08,230.92,28.08,117.17,5.7,78.3,1664.78,30.95,0.38,0.1,16070,2159.33,0.14,63.47,83.3,8246.67,1824.445,549.4775,682.7975,516.3,7.38
Plt0147,76.06,27,212,131.25,80.75,260.58,48.58,129.33,5.7,77.5,1810.34,13.34,0.51,0.13,42173.33,4615.67,0.11,63.23,76.9,12433.33,7105,1367.64,1433.4725,1058.4275,8.57
Plt0218,77.58,20.5,239.08,146.92,92.17,283.25,44.17,136.33,5.87,78.3,1504.38,28.47,0.41,0.09,40073.33,4205.33,0.1,60.83,77.9,13033.33,11064.1675,1599.1725,1112.68,613.18,7.91
Plt0222,77.92,24.6,281.08,176.25,104.83,344.25,63.17,168,5.8,79.15,2646.12,17.38,0.51,0.1,33333.33,2676.33,0.08,59.5,84.77,15533.33,9101.285,1530.4575,2162.9675,1899.445,8.03
Plt0235,75.77,26.2,193.08,112.83,80.25,238.58,45.5,125.75,5.7,77.5,1216.58,9.68,0.47,0.09,26550,2569.67,0.1,62.03,87.83,13610,6092.75,1622.325,1768.2825,88.655,8.33
Plt0273,76.09,25.2,207.5,111.17,96.33,248,40.5,136.83,5.6,78.3,2144.35,19.99,0.42,0.12,37730,4414.67,0.12,61.47,81.7,13533.33,7322.1325,1765.1275,1913.1675,1525.79,8.75
Plt0284,68.37,20.3,217.5,161.08,56.42,294.75,77.25,133.67,6,74.4,2439.96,18.51,0.53,0.12,22256.67,1524,0.07,58.33,90.53,12500,5059.7425,1095.8925,760.21,1057.4375,9.22
Plt0293,74.81,24.8,224.08,151.17,72.92,284.58,60.5,133.42,6,78.3,1503.93,20.51,0.36,0.12,28836.67,2268.33,0.08,61.7,86.57,15700,3103.845,1454.4,662.9375,1918.8325,8.33
Plt0296,76.92,26,199.17,135.75,63.42,276.5,77.33,140.75,5.9,79,2131.85,13.72,0.44,0.11,30760,3417.67,0.12,62.17,84.93,15700,2401.54,934.995,941.1975,636.4675,7.85
Plt0329,76.37,25,297.5,203.17,94.33,352.33,54.83,149.17,6,78.3,1498.89,8.32,0.43,0.11,46823.33,6108.67,0.13,59.73,77.6,17833.33,8730.8325,1755.0525,2194.485,1415.33,8.63
Plt0369,76.88,27.4,225.67,134.58,91.08,281.08,55.42,146.5,5.7,79.15,1967.39,18.76,0.45,0.12,33410,3615,0.11,62.4,80.9,12750,9850.5,1329.95,2869.25,3338.575,6.55
Plt0370,76.44,27.2,240.58,166.67,73.92,289.17,48.58,122.5,6.1,79.8,2304.85,31.98,0.47,0.14,46170,4504,0.1,59.93,81.3,17850,4774.585,1674.375,2023.785,2472.99,6.84
Plt0376,78.65,19.4,201.25,114.67,86.58,238.08,36.83,123.42,5.9,79.8,1678.02,59.43,0.45,0.08,33356.67,3457.33,0.1,61.03,81.57,13666.67,8006.845,1478.68,1857.8325,2322.555,8.63
Plt0381,76.44,24.4,207.42,125.58,81.83,285.5,78.08,159.92,5.7,78.3,1674.7,14.33,0.42,0.14,37656.67,3829,0.1,61.93,83.53,14625,3593.5275,1588.975,1809.5,1018.5075,7.5
Plt0385,78.2,24.4,272.42,175,97.42,347.25,74.83,172.25,5.8,79.8,1900.86,11.7,0.44,0.1,45543.33,5384,0.11,59.27,79.83,13970,7896.105,1747.275,1674.6675,949.065,8.03
Plt0393,76.84,24,287.5,193.17,94.33,354.5,67,161.33,6,79.8,1836.78,20.17,0.46,0.1,39316.67,4080,0.1,62.8,79.57,13133.33,5568.23,1612.2775,1516.805,1912.8275,9.22
Plt0407,76.55,24.3,211.5,138.83,72.67,276.08,64.58,137.25,5.9,77.5,2273.53,32.08,0.39,0.11,31210,4511.33,0.15,60.4,82.4,14133.33,3193.125,1368.6175,1542.01,1147.6925,9.04
Plt0416,76.53,23.6,185.92,119.67,66.25,240.08,54.17,120.42,5.6,78.3,1685.94,17.86,0.37,0.1,45450,5225.67,0.12,59.1,78.17,17333.33,4538.335,1589.4675,3300.25,583.505,10.41
Plt0417,75.75,23.5,261.83,205.92,55.92,347.83,86,141.92,6.1,78.3,2578,11.65,0.44,0.12,19113.33,5068.33,0.23,62.7,87.73,7410,10508.15,2833.45,2588.545,2838,8.98
Plt0422,76.96,24.1,276.17,200.25,75.92,317.33,41.17,117.08,6.2,79,1671.05,14.48,0.47,0.13,26680,2288.33,0.09,63.7,85.9,12600,6567.1525,1459.575,1180.5875,2194.8825,8.93
Plt0429,77.38,24.9,268.83,176.92,91.92,340,71.17,163.08,5.9,79.8,1621.77,5.02,0.46,0.12,30976.67,2844.67,0.09,61.73,82.97,12800,3791.4475,1261.9125,2585.0075,3276.2,7.56
Plt0441,67.66,22.6,102.42,72.92,29.5,149.75,47.33,76.83,5.6,73.6,1625.52,21.99,0.36,0.1,59906.67,5810.67,0.1,51.4,69.8,16166.67,7379.585,1418.1975,1117.07,626.9725,8.33
Plt0459,78.27,24.7,249.83,181.92,67.92,367.42,117.58,185.5,5.9,81.35,1507.6,13.64,0.39,0.09,23163.33,2188,0.1,60,89.07,12000,2528.4175,1257.14,1231,1242.97,9.1
Plt0479,75.75,23.6,186.83,128.58,58.25,255.5,68.67,126.92,5.7,78.3,1322.49,11.8,0.35,0.1,26336.67,2710,0.11,59.97,89.9,14750,7348.5575,1723.36,1857.71,2876.775,10
Plt0485,69.2,23.7,119.75,80,39.75,173.92,54.17,93.92,5.6,73.6,1518.86,10.22,0.45,0.12,43816.67,4071,0.09,51.27,77.17,15233.33,10723.3325,1871.9725,3382.945,3212.75,9.46
Plt0492,78.43,19.9,265.58,138.33,127.25,259.17,-6.42,120.83,5.93,80.6,2490.7,85.94,0.47,0.09,27200,4003.67,0.16,61.27,78.37,10165,8131.6025,1357.3625,539.5,2153.59,8.33
Plt0493,77.81,26.3,234.83,129.5,105.33,268.67,33.83,139.17,5.3,79.15,2743.93,17.96,0.49,0.12,36256.67,4203.67,0.12,62.6,78.17,10926.67,7992,1894.3925,1450.97,673.57,7.74
Plt0511,76.3,22.8,242.08,170.33,71.75,311.33,69.25,141,5.9,79,2358.2,9.25,0.47,0.12,27846.67,2144.33,0.07,65.7,86.57,11866.67,6166.615,1679.35,1605.1125,1033.68,9.4
Plt0514,75.57,23.6,165.33,109.25,56.08,226.25,60.92,117,5.9,72.75,1882.34,10.49,0.33,0.11,21910,2078,0.09,61.7,92.97,3910,2130.1375,1247.455,859.4625,1338.3325,9.4
Plt0515,76.09,25.1,202.83,142.08,60.75,254.42,51.58,112.33,6.1,79,1787.39,19.61,0.37,0.11,50713.33,5713.67,0.11,59.5,79,18566.67,5967.85,1796.07,2324.0275,1146.8825,8.93
Plt0516,77.46,24.7,183.58,110.58,73,224.08,40.5,113.5,5.7,77.5,2782.85,12.51,0.47,0.13,26370,2463.67,0.09,62.4,87.57,13950,3248.54,1415.1125,1117.7775,1923.6225,7.91
Plt0518,77.44,25.6,179.25,107.5,71.75,226.33,47.08,118.83,5.7,77.5,1342.46,14.24,0.4,0.1,31883.33,3077,0.1,62.75,82.57,12833.33,4036.8025,1447.9825,1010.3325,617.5925,8.33
Plt0525,76.1,25.5,170.17,110.5,59.67,226.58,56.42,116.08,5.8,76.8,2223.24,17.79,0.41,0.11,23176.67,1902.67,0.09,66.4,85.3,10850,7145,1169.615,1554.25,2890.625,8.15
Plt0539,77.11,26.8,293.17,211.67,81.5,362.83,69.67,151.17,6.3,80.6,1430.54,21.93,0.44,0.09,37556.67,4336,0.11,61.97,82.47,14733.33,11181.4175,1627.2675,1798,1182.36,7.97
Plt0543,79.94,22.7,283.58,164.17,119.42,288.67,5.08,124.5,6.1,83.05,1500.44,60.28,0.41,0.11,29146.67,2891,0.1,62.17,81.97,10723.33,4697.2225,1236.005,864.1675,1757.4325,6.49
Plt0544,68.67,26.9,110.42,86.75,23.67,131.83,21.42,45.08,6.3,81.45,1109.92,22.18,0.27,0.08,52520,5286.33,0.1,53.73,72.43,15650,5490.5275,1645.3625,1719.3325,2655.25,7.79
Plt0551,76.79,23.4,285.33,196,89.33,332.83,47.5,136.83,6,77.5,881.22,7.63,0.47,0.1,26753.33,3914.33,0.15,62.8,85.17,11355,1158.8975,1512.81,637.5225,927.93,8.39
Plt0558,76.12,26.2,203.67,124.75,78.92,276.42,72.75,151.67,5.7,78.3,2126.52,10.99,0.47,0.13,47843.33,5429.67,0.11,62.7,77,16150,8863.0175,1582.0075,2806.44,812.205,7.08
Plt0563,77.39,22.2,243.42,140.83,102.58,277.08,33.67,136.25,5.8,78.3,1561.87,22.5,0.38,0.09,35693.33,4316.67,0.12,57.05,80.23,13075,5708.93,1490.9175,1770.3975,920.27,8.45
Plt0568,76.61,24.5,276,208.58,67.42,346.5,70.5,137.92,6.2,79,2278.47,25.09,0.49,0.12,44973.33,5131.33,0.11,62.6,79.97,16700,6571.4375,1756.43,1238.0625,1185.61,9.34
Plt0599,76.51,23.1,199.42,126.67,72.75,271.75,72.33,145.08,5.9,79,2193.37,18.68,0.43,0.12,41180,4022,0.1,62.4,79.53,13966.67,5998.3025,1854.135,1443,904.825,9.46
Plt0604,76.36,25.6,178.5,130.17,48.33,236.5,58,106.33,6,78.3,1994.38,17.3,0.38,0.12,50876.67,4972.33,0.1,61.93,77.53,17500,7226.21,1681.14,828.125,940.235,8.45
Plt0622,77.01,24.2,162.75,99.42,63.33,219.42,56.67,120,5.7,79,860.75,4.62,0.55,0.11,44433.33,5066,0.11,61.07,79.1,15200,4615.07,1798.38,1437.1,973.36,7.56
Plt0625,75.65,26,290.75,188.33,102.42,341.75,51,153.42,5.6,76.8,2789.65,19.56,0.46,0.13,19160,1384,0.07,61.3,92.87,14150,3540.5675,1304.055,974.25,1527.0425,7.97
Plt0630,75.99,24.9,211.67,133.33,78.33,262.17,50.5,128.83,5.8,77.5,2793.55,18.48,0.42,0.14,38590,3478.67,0.09,62.4,82.2,16966.67,9651.9425,1459.66,2049.0775,1275.98,9.04
Plt0631,76.26,26.1,286.67,199.83,86.83,350.75,64.08,150.92,6.1,77.5,2042.31,14.41,0.4,0.12,34670,2825.33,0.08,62.17,83.37,12900,6570.7975,1509.4325,1169.54,1501.3825,7.79
Plt0646,77.73,26,216.75,116.42,100.33,274.17,57.42,157.75,5.5,78.3,1559.67,17.58,0.42,0.1,42453.33,5283.67,0.12,63.47,77.9,15266.67,8913.5125,1688.9075,2149.64,819.515,6.96
Plt0650,76.66,24.3,271.58,201.92,69.67,360.67,89.08,158.75,6.1,78.3,2485.42,13.84,0.49,0.13,27536.67,3103.33,0.12,62.83,85.77,13833.33,3301.995,1220.0725,952.405,858.2925,8.33
Plt0651,76.77,24.5,212.5,129.33,83.17,277.25,64.75,147.92,5.7,77.5,1753.83,19.88,0.39,0.1,35933.33,4402.67,0.12,61.07,76.97,11066.67,6380.23,1317.9775,1334.055,771.3675,7.79
Plt0662,76.41,24.2,188.58,125.42,63.17,268.58,80,143.17,5.9,79,2033.25,19,0.39,0.1,34796.67,3989.67,0.11,60.4,81.83,12450,10561,1405.6675,1098.805,1128.8525,9.34
Plt0664,76.68,22.7,250.08,209.83,40.25,350.08,100,140.25,6.5,79.8,2086.05,9.12,0.39,0.1,41316.67,4786.67,0.11,64.4,83.1,16700,7574.2825,2086.3775,2656.1675,2028.395,11.13
Plt0665,76.79,23,170.08,109.33,60.75,244.75,74.67,135.42,5.8,79,1920.23,10.1,0.38,0.11,48503.33,4831.33,0.1,60.35,81.53,17300,6236.71,1920.22,1664.25,412.28,10.59
Plt0666,76.64,21.9,251.25,190.58,60.67,339.17,87.92,148.58,6.1,78.3,1246.32,10.67,0.43,0.1,26830,2824.33,0.1,63.47,84.4,11000,4404.05,926.825,839.5,328.505,10.95
Plt0667,76.93,23.7,275.5,192.5,83,377.5,102,185,5.9,78.3,2103.28,17.01,0.45,0.11,23120,2303,0.09,59.27,92.6,15850,7599.25,1768.86,763.215,1064.2525,9.82
Plt0672,77.19,24.4,290.5,216.83,73.67,359.5,69,142.67,6.2,78.3,2203.41,13.06,0.52,0.12,42886.67,4792.33,0.11,61.3,80.5,16100,5628.33,1624.7925,1933.195,1762.1,8.75
Plt0689,77.08,25.4,310.08,210.42,99.67,380,69.92,169.58,5.9,77.5,1487.53,7.75,0.58,0.12,36596.67,3446,0.1,59.5,83.33,15933.33,15584.5825,1683.6825,3193.6,1974.3025,7.68
Plt0702,75.78,26.3,214,143.33,70.67,298.08,84.08,154.75,5.8,78.3,1723.54,8.22,0.47,0.12,40070,5090.33,0.12,59.73,80.97,15800,4562.2525,1664.2175,2959.7775,1711.4575,8.63
Plt0727,76.06,25.3,159.75,92.92,66.83,205.08,45.33,112.17,5.6,77.5,2623.44,27.53,0.42,0.13,35773.33,3858.33,0.11,62.83,79.27,12533.33,12452.18,1321.0025,1512.4875,1523.67,8.57
Plt0734,76.51,25.8,301.5,202.5,99,378.42,76.92,175.92,5.9,77.5,2339.33,15.79,0.54,0.11,20956.67,2093.67,0.1,60.37,88.3,12000,4061.835,1235.9075,599.3025,502.6225,7.79
Plt0735,76.67,24.9,291.75,242.5,49.25,378.5,86.75,136,6.5,79,1820.06,14.58,0.36,0.11,40646.67,3697.33,0.09,63.73,82.63,16866.67,7641.5975,1705.5075,3094.3325,2152.985,9.4
Plt0736,76.45,24.4,223,146.42,76.58,313,90,166.58,5.9,77.5,2189.84,19.11,0.46,0.1,43860,4286.33,0.1,62.13,78.47,14900,6742.47,1668.2,1934.3325,1101.995,8.33
Plt0747,67.74,27.7,256.75,206.92,49.83,312.08,55.33,105.17,6.4,74.4,2387.56,19,0.5,0.13,30200,3994.67,0.13,53.27,83.07,14933.33,2754.735,1624.85,718.11,390.97,7.91
Plt0757,77.69,25.7,198.83,138.58,60.25,264.92,66.08,126.33,6,78.3,1449.31,10.08,0.35,0.09,45136.67,7639,0.17,55.75,78.7,15225,4234.705,1441.2825,2465.94,2139.3675,8.75
Plt0769,76.5,23.7,289,204,85,359.33,70.33,155.33,6.1,77.5,2071.89,9.75,0.5,0.13,44430,4082.67,0.09,62.75,80.2,16680,9525.4775,1875.8,1724.2675,3207.9,9.04
Plt0779,77.63,25,314.92,213.75,101.17,364.75,49.83,151,6.1,78.3,894.56,5.91,0.42,0.1,35823.33,4459,0.13,63.93,81,14700,3480.21,1472.765,1012.34,1065.0375,7.97
Plt0781,78.36,23.6,266.58,199.58,67,364.5,97.92,164.92,6.1,78.3,1919.23,13.98,0.37,0.13,49750,4995,0.1,62.35,77.57,16633.33,7111.4075,1832.37,2085.075,600.765,8.51
Plt0808,77.17,25.6,215.42,147.33,68.08,302.5,87.08,155.17,5.9,78.3,2304.01,13.06,0.42,0.11,20523.33,4502.33,0.21,61.63,83.8,10640,9094.5,502.24,2146.9175,1131.38,8.27
Plt0814,77.44,25.8,162.17,95.67,66.5,204,41.83,108.33,5.6,78.3,2859.16,37.07,0.45,0.14,32146.67,3899.67,0.12,60.6,81.57,11700,3817.18,1227.9225,989.4525,658.37,8.21
Plt0821,77.83,24.2,223.42,128.67,94.75,276.08,52.67,147.42,5.7,78.3,1367.63,12.31,0.32,0.1,24876.67,2596.33,0.11,63.9,82.07,10350,4971.91,1175.2225,1162.8375,1247.61,8.09
Plt0829,78.04,25,292.83,196,96.83,354.5,61.67,158.5,6.1,79,1748.2,13.98,0.39,0.1,43123.33,3967.67,0.09,61.73,78.7,15450,6834.63,1598.5625,2140.875,1515.7375,9.34
Plt0830,75.94,24.3,270.92,199.67,71.25,327.83,56.92,128.17,6.1,76.8,1944.49,4.77,0.49,0.12,24076.67,2216,0.1,60.37,90.93,14000,7115.125,1177.9975,1650.8325,2615.875,10.12
Plt0840,77.84,24.5,192.17,132,60.17,263.75,71.58,131.75,5.9,79,3050.55,16.03,0.48,0.13,35113.33,4881.33,0.14,58.83,79.3,16200,4259.84,1173.1575,1327.3125,908.8475,9.46
Plt0844,68.17,22.5,245.08,218.67,26.42,329.83,84.75,111.17,6.5,73.6,2368.9,12.81,0.4,0.11,35463.33,3894.67,0.11,56.6,86.87,18150,9687.5,1936.0575,1589.7325,3225.2,11.96
Plt0845,77.52,23.5,142.5,102.58,39.92,218.83,76.33,116.25,5.8,79,2103.39,10.86,0.42,0.1,38390,3736,0.1,59.35,82.97,14100,4540.085,3095.825,4714,2705.75,12.2
Plt0851,78.43,21.2,135.83,89.08,46.75,202.17,66.33,113.08,5.8,79.8,922.45,9.2,0.28,0.08,40476.67,3534,0.09,63.03,80.93,15133.33,6424.0925,1794.3225,1081.9025,1003.91,12.38
Plt0868,78.08,25.4,167.33,107.33,60,228.33,61,121,5.9,78.3,1537.48,11.2,0.47,0.11,22400,2076.67,0.09,64.75,85.37,11250,3560.625,1264.54,1899.23,1839.125,9.16
Plt0869,77.06,25.4,178.5,142.5,36,249.92,71.42,107.42,6.2,78.3,1403.8,7.21,0.5,0.09,27526.67,1984,0.07,63.07,90.77,15950,5572.9175,1455.835,1701.25,2832.2,9.82
Plt0877,68.62,24.2,100.75,74.42,26.33,153.58,52.83,79.17,5.5,73.6,2101.24,21.35,0.4,0.13,56273.33,5453.33,0.1,53.7,73.57,16650,7336.3925,1425.3925,1330.405,685.295,9.4
Plt0881,76.67,25.9,258.42,169.33,89.08,322.25,63.83,152.92,5.7,78.3,2509.61,19.58,0.52,0.11,41573.33,4751.33,0.11,57.07,77.2,13000,6824.1425,1428.1325,1404.4225,808.465,8.81
Plt0885,76.6,26.8,249.67,165,84.67,322.67,73,157.67,5.9,78.3,1456.06,17.76,0.42,0.12,26360,2250.33,0.09,59.03,89.4,14100,5444.6875,1755.2775,1312.4775,1300.4175,9.4
Plt0886,67.49,24.9,134.83,101.92,32.92,208.83,74,106.92,5.9,80.65,1870.66,10.55,0.42,0.12,51183.33,5120.33,0.1,53.73,76.73,18500,6032.185,1243.68,796.9475,318.3575,10.53
Plt0894,77.27,20.5,218.92,141.67,77.25,266.75,47.83,125.08,6.1,79,1817.83,33.99,0.4,0.11,39940,5628.67,0.15,57.75,76.77,13900,5091.6675,1774.025,1327.2225,1212.4675,9.88
Plt0895,77.5,27.3,273.25,174.83,98.42,313.92,40.67,139.08,5.8,78.3,2531.29,15.56,0.45,0.14,26436.67,2844.67,0.11,65.27,78.37,7996.67,5815.845,999.86,336.555,501.7325,7.02
Plt0896,77.02,25.4,179.5,113.58,65.92,240.33,60.83,126.75,5.8,78.3,2061.74,26.76,0.36,0.1,42900,3922.33,0.09,56.13,80.27,15050,9312,1649.91,1322.2925,2171.5275,9.52
Plt0911,76.4,26,249.08,181.5,67.58,341.75,92.67,160.25,6,79,1911.68,3.98,0.59,0.14,35150,3629.33,0.1,63.1,80.3,14666.67,5185.64,1363.8375,1555.2825,1069.6525,8.51
Plt0912,76.6,24.7,292.25,199,93.25,343.42,51.17,144.42,6.1,78.3,1654.55,26.08,0.4,0.13,36010,3134.33,0.09,64.17,81.43,13150,5196.4025,1526.8325,1359.66,2333.4125,8.39
Plt0915,77.97,22.8,248.67,144.58,104.08,260.67,12,116.08,5.9,79,1579.59,47.05,0.42,0.1,36796.67,4435.33,0.12,58.33,77.27,11700,5630.46,1239.76,1057.7925,841.49,8.45
Plt0934,68.44,22.2,201.42,137.58,63.83,285.25,83.83,147.67,5.9,71.2,2241.28,18.41,0.5,0.13,47250,3935,0.08,51.5,79.4,16700,6419.1,1865.265,720.48,569.4375,11.13
Plt0943,77.61,23.9,167.58,103.42,64.17,231.58,64,128.17,5.7,79,2403.23,8.84,0.47,0.12,13740,1068.37,0.08,64.6,92.3,8760,1362.5225,677.27,381.8875,779.545,8.98
Plt0974,68.06,25.4,120.42,101.92,18.5,199.75,79.33,97.83,6.1,75.15,1829.29,10.7,0.42,0.13,64123.33,9413,0.16,55.47,75.6,24550,8455.11,1577.66,1722.115,663.6075,8.63
Plt0975,77.43,26.6,193.08,147,46.08,286.67,93.58,139.67,6,80.6,2313.36,34.54,0.44,0.11,42426.67,3875.67,0.09,61.27,80.67,15650,10817.12,1722.49,2661.0425,2398.9625,7.62
Plt0991,77.06,24.8,204.92,139,65.92,265.58,60.67,126.58,5.9,78.3,1915.93,13.78,0.41,0.11,33743.33,3176.67,0.09,58.7,83.93,16050,5476.625,1468.14,860.125,884.545,11.25
Plt0993,77.75,25.2,224.67,139.5,85.17,285.33,60.67,145.83,5.7,79,1826.43,36.59,0.38,0.11,37003.33,3567.33,0.1,56.37,80.2,13250,5357.8825,1390.9375,631.4075,704.595,8.63
Plt1012,77.8,23.6,257.25,190.83,66.42,314.75,57.5,123.92,6.3,77.5,967.69,3.47,0.45,0.11,47386.67,4929.67,0.1,63.57,78.2,16966.67,5932.6225,1843.2175,393.3375,1401.7275,10.83
Plt1021,76.84,23.4,279.75,206.75,73,358.83,79.08,152.08,6.2,78.3,1603.58,11.36,0.42,0.11,44670,4234,0.1,62,80.07,17166.67,6928.2275,1856.605,1703.1675,1468.785,10
Plt1028,79.42,24.7,261.25,187,74.25,336.5,75.25,149.5,6.1,80.65,1975.76,7.93,0.51,0.12,36236.67,3395,0.09,65.03,81.77,12466.67,6398.6975,1602.595,1318.2325,871.6875,9.46
Plt1029,68.62,25.2,245.58,192,53.58,345.08,99.5,153.08,6.1,71.2,1887.92,13.53,0.38,0.1,37130,3368,0.09,55.53,74.83,12633.33,4620.535,950.8575,1045.57,542.755,9.28
Plt1044,76.82,25.8,199.42,126,73.42,258.58,59.17,132.58,5.7,79,1827.99,17.04,0.37,0.12,31103.33,3051.67,0.1,61.27,84.93,15200,9082.4275,1410.56,987.675,1401.18,7.68
Plt1063,67.45,24.3,237.92,199.67,38.25,349.25,111.33,149.58,6.1,74.4,1363.7,3.85,0.44,0.11,60760,4784,0.08,54.83,74.53,18900,8765.7975,2336.37,3233.25,1409.1675,10.47
Plt1077,78.01,25,194.08,123.5,70.58,251.83,57.75,128.33,5.9,79.8,1551.58,19.46,0.43,0.12,24420,2640.33,0.12,66.33,84.4,11343.33,8324.8475,1484.81,2557.82,2808.175,8.63
Plt1078,68.4,25.5,283.33,234.58,48.75,385.67,102.33,151.08,6.3,73.6,2043.11,12.75,0.41,0.1,45550,3504.67,0.08,52.37,79.77,18100,2140.8075,1593.4075,548,990.8325,9.28
Plt1094,77.51,24.3,186.33,109.08,77.25,243.83,57.5,134.75,5.7,80.6,1697.06,33.11,0.37,0.11,41996.67,4569.33,0.11,61,78.7,15066.67,10600.035,1474.4325,2145.265,1512.4925,8.93
Plt1095,68.39,24,198.25,173.33,24.92,234.33,36.08,61,7,78.3,1623.02,22.75,0.39,0.09,29510,5407,0.2,54.17,81.03,15150,13493.25,1764.3475,847.75,818,8.87
Plt1098,78.26,23.8,261,237.75,23.25,357.83,96.83,120.08,6.8,75.9,1640.14,8.02,0.49,0.08,38966.67,5868.33,0.13,50.8,82.5,15600,13091.1475,1731.9225,1971.25,3237.925,9.16
Plt1099,78.29,24.5,207.42,143,64.42,293.67,86.25,150.67,5.9,80.6,1764.63,8.16,0.46,0.12,27203.33,3290.67,0.12,61.93,87,15050,12162.75,1645.875,1039.625,1500,8.75
Plt1138,76.6,23.6,154.42,97.67,56.75,210.92,56.5,113.25,5.7,78.3,2285.6,20.04,0.35,0.12,50873.33,5383.33,0.11,58.63,77.13,16800,6319.605,1745.7225,1448.6025,923.6175,10.53
Plt1143,76.89,25.5,185,112.83,72.17,234.17,49.17,121.33,5.5,78.3,2739.99,23.05,0.46,0.1,19263.33,3796.33,0.21,59.03,84.83,12850,7788.0425,1486.7275,2072.5,2499,8.33
Plt1149,72.23,19.8,251.42,126.92,124.5,239.25,-12.17,112.33,5.7,78.3,2213.86,45.54,0.46,0.11,16383.33,1665,0.1,57.73,89.9,9103.33,2944.085,910.8075,1343.7325,1370.5275,10
Plt1154,78.31,19.2,232.42,124.67,107.75,259,26.58,134.33,5.8,79.8,1720.45,37.97,0.42,0.09,15506.67,1473.33,0.1,63.03,85.87,9100,2295.8525,1049.865,279.945,521.25,10.06
Plt1156,76.75,25.4,195.17,135.17,60,293.42,98.25,158.25,5.8,79.8,2312.65,16.78,0.46,0.15,49820,5080.33,0.1,58.7,77.4,15833.33,7195.5775,1737.05,925.13,694.9575,10.23
Plt1158,78.88,20.8,228.42,138.92,89.5,269.5,41.08,130.58,6,81.35,819.74,9.96,0.38,0.08,35976.67,4267,0.12,62.4,83.07,14450,6146.5025,1610.9675,1221.41,704.035,10.65
Plt1159,68.65,24.7,282,219.25,62.75,408.5,126.5,189.25,6.1,75.1,2108.36,14.55,0.41,0.11,45480,4604.67,0.1,56.63,78.43,18200,7694.465,1320.4325,1351.75,684.245,10.29
Plt1167,77.17,23.9,225.17,161.08,64.08,305.33,80.17,144.25,5.9,78.3,2600.23,11,0.46,0.11,15493.33,1619.33,0.1,58.13,90.93,9530,4268.9175,1016.285,500.1975,614.5125,11.13
Plt1169,76.7,24.3,183.83,133.67,50.17,234.67,50.83,101,6.1,79,2553.73,20.63,0.43,0.12,22980,2795.67,0.12,66.05,82.8,9730,6540.37,956.68,739.645,448.8575,11.54
Plt1189,77.6,22.4,241.58,124.33,117.25,232.42,-9.17,108.08,5.7,78.3,2676.38,47.88,0.49,0.12,38776.67,4437,0.11,61.5,77.87,12133.33,8010.355,1367.64,1989.8325,1458.0775,8.63
Plt1196,78.08,19.9,242.17,127.33,114.83,254.42,12.25,127.08,5.7,80.65,1677.33,36.03,0.38,0.09,29800,2861,0.09,58.6,83.37,11900,9696.965,1382.8525,3185.2925,3218.625,8.75
Plt1214,79.39,21.9,228.58,127.42,101.17,255.58,27,128.17,5.8,82.35,1900.49,27.86,0.48,0.12,28286.67,3731.33,0.14,60.1,80.03,11850,4293.235,1203.4675,1156.655,1095.6925,8.63
Plt1233,77.05,27.6,187.92,106,81.92,225.33,37.42,119.33,5.5,79,2122.84,38.82,0.41,0.15,18880,2862.33,0.15,66.17,80.87,8725,3109.27,795.1175,522.9175,699.055,6.72
Plt1237,69.58,25.7,228.58,193,35.58,337.67,109.08,144.67,6.3,75.1,2920.52,22.38,0.51,0.14,52253.33,4271,0.08,54.17,75.07,17550,16358.9475,1863.93,2007.5,2661.9,10.17
Plt1239,68.59,24.9,274.92,231.42,43.5,388.08,113.17,156.67,6.6,72.75,2094.2,13.73,0.44,0.1,54873.33,4645.67,0.08,52.4,74.2,18000,7062.2175,1983.31,1340.5,982.9225,9.52
Plt1254,77.82,25.7,225.92,149.75,76.17,292.67,66.75,142.92,5.9,79.8,2790.92,9.85,0.5,0.15,52486.67,6461.33,0.12,60.4,76.07,18400,6314.1675,1805.0675,2534.5925,1260.63,9.1
Plt1255,76.45,24.6,170.25,98.08,72.17,223.33,53.08,125.25,5.5,77.5,1936.43,27.03,0.41,0.12,32003.33,2797.33,0.08,60.37,84.97,13966.67,3990.6975,1593.7525,929.195,1458.8325,9.88
Plt1256,77.1,21.7,244.08,135.5,108.58,271.08,27,135.58,5.8,78.3,1733.98,33.85,0.4,0.1,34033.33,3703,0.11,57.4,85.2,15833.33,6054.7225,1797.335,1656.5275,2781.8,9.04
Plt1257,77.29,25.3,177.5,99.5,78,220.58,43.08,121.08,5.6,79,2772.55,34.06,0.55,0.13,31450,3065.33,0.09,60.27,80.93,10533.33,5451.2175,1300.9075,1131.545,1069.3125,8.98
Plt1258,76.87,24.9,182.17,106.67,75.5,234.58,52.42,127.92,5.8,78.3,1559.1,19.86,0.35,0.11,36150,3235.67,0.09,60.1,79.3,11850,3609.0575,1088.1525,1432.97,1665.7775,9.34
Plt1259,76.43,24,160,93,67,210.5,50.5,117.5,5.5,79,1012.07,7.97,0.55,0.11,49223.33,4964.33,0.1,60.13,78.57,17800,9227.4425,1758.4975,2609.99,3629.725,9.7
Plt1260,66.44,24.9,142.42,105.33,37.08,207.42,65,102.08,5.9,73.6,2289.99,35.57,0.39,0.12,60483.33,6024.67,0.1,53.07,72.23,21100,8431.905,2015.385,986.785,535.81,8.15
Plt1278,77.16,24,211.92,142.92,69,267,55.08,124.08,5.9,79.8,1772.51,23.06,0.37,0.1,46760,5612,0.12,62.37,78.17,15643.33,6938.5675,1433.82,1611.2625,1457.27,8.69
Plt1281,78.8,24.6,201.5,114.33,87.17,245.58,44.08,131.25,5.5,79.8,1944.81,16.82,0.46,0.13,41590,5934,0.15,61.73,78.3,12030,6574.105,1443.5125,1764.8625,1700.3975,7.91
Plt1298,69.44,25.8,272.08,220.5,51.58,405.75,133.67,185.25,6.2,73.6,1835.62,13,0.41,0.11,53716.67,5282,0.1,52.83,73.37,16250,10251.8075,1709.6025,1485.5575,1983.48,7.26
Plt1302,68.25,26.3,302.92,227.5,75.42,376.83,73.92,149.33,6.2,71.2,2031.81,17.79,0.41,0.1,46976.67,3886.67,0.08,51.4,76.17,15966.67,11334.2325,1806.415,2374.9175,1979.815,7.91
Plt1303,77.32,22,263.25,156.33,106.92,286,22.75,129.67,6,78.3,2126.9,22.41,0.45,0.11,26233.33,2447,0.09,62.7,84.27,11666.67,5128.135,1087.945,1358.165,1248.9225,6.66
Plt1305,77.7,22.4,267.42,140.5,126.92,267.67,0.25,127.17,5.7,79.8,1471.08,21.29,0.43,0.11,26883.33,2342,0.08,59.75,84.2,10440,6871.455,1272.645,1156.4575,1252.06,7.44
Plt1306,68.59,26.9,262.67,205.08,57.58,384.42,121.75,179.33,6,72.75,2573.16,12.4,0.49,0.13,59206.67,5866.33,0.1,50.83,71.7,17666.67,6860.0825,1856.1425,1115.695,722.9175,7.74
Plt1310,77.53,24.4,254.08,156.58,97.5,328.33,74.25,171.75,5.8,79.8,2004.42,13.57,0.45,0.1,29153.33,3094,0.11,63.7,84.8,12433.33,4165.8425,1350.745,1690.9675,1376.81,7.38
Plt1311,77.72,24.5,243.5,161.83,81.67,327.17,83.67,165.33,5.9,80.65,1876.74,13.81,0.37,0.1,36680,4797,0.13,58.37,78.93,12033.33,5595.955,1545.165,2039.5275,2615.125,8.09
Plt1317,68.4,24,296.67,244.33,52.33,374.67,78,130.33,6.5,75.1,2011.57,17.86,0.41,0.12,44430,3968.67,0.09,58.13,73.8,13366.67,6612.9975,1456.2175,1784.925,1109.3025,7.68
Plt1322,77.38,25.7,198.75,125.25,73.5,255.33,56.58,130.08,5.5,79,2571.57,15.87,0.42,0.12,38033.33,4473.33,0.12,63.93,77.2,10910,6413.09,1353.56,1469.72,681.99,7.5
Plt1329,78.23,25.9,231.08,152.67,78.42,290.75,59.67,138.08,5.8,81.35,2540.2,18.54,0.43,0.12,29393.33,3418,0.12,64.17,80.73,11040,6254.1675,1221.1025,781.125,916.4175,7.85
Plt1332,79.36,25.4,266.33,190.42,75.92,349.17,82.83,158.75,6.1,82.35,1130.57,9.91,0.37,0.12,34570,3364,0.1,64.4,82.27,14200,3949.3275,1424.97,830.61,504.365,7.85
Plt1370,77.76,26.2,207.33,127.17,80.17,252.67,45.33,125.5,5.7,79,2185.87,25.79,0.4,0.12,40340,6841,0.18,65.43,78.07,13566.67,8594.945,1516.7475,1967.8275,1333.605,7.62
Plt1372,76.68,26.1,207.75,117.67,90.08,261.58,53.83,143.92,5.6,79,2642.31,22.49,0.45,0.13,39760,4737.67,0.12,61.27,80.37,14250,9481.5475,1604.92,1476.75,1053.6575,7.56
Plt1383,76.03,26.5,225.67,146.33,79.33,304.33,78.67,158,5.9,79.8,2078.6,10.07,0.48,0.12,48750,5636,0.12,60.8,77.7,17033.33,7808.05,1614.39,1851.4175,1062.505,7.02
Plt1386,77.34,27.1,203.08,125.83,77.25,257.17,54.08,131.33,5.7,79.8,1803.85,3.73,0.44,0.14,29733.33,3519,0.12,58.4,84.1,13000,6719.1675,1324.6,1833.2925,1063.675,7.62
Plt1387,78.37,22.2,243.17,128,115.17,243,-0.17,115,5.8,80.65,1752.73,44.16,0.47,0.11,25023.33,2529.67,0.1,62.57,86.57,11710,13414.1575,1279.33,1142.0275,1464.1675,7.62
Plt1388,77.51,26.8,194.08,112.58,81.5,241.67,47.58,129.08,5.6,81.35,2428.29,25.54,0.46,0.11,13876.67,1752.67,0.13,63.7,89.8,6365,8851.07,7115.5,2248.75,2376.3425,6.43
Plt1390,76.76,26.1,236.67,163.25,73.42,322.33,85.67,159.08,5.9,78.3,1725.3,17.75,0.41,0.1,45253.33,4317,0.09,61.3,79.87,16200,9005.8925,1679.6025,1375.695,1414.045,7.5
Plt1392,78,26.4,214.5,121.42,93.08,277.67,63.17,156.25,5.7,79.8,1136.25,13.19,0.49,0.11,40743.33,6024,0.15,63.5,77.27,16430,5110.6175,1413.1675,1472.8325,465.395,6.96
Plt1395,76.33,20.6,248.67,158.33,90.33,263.33,14.67,105,6.1,78.3,2542.13,43.72,0.45,0.12,18526.67,1791.07,0.09,63.27,86.43,9905,3939.3925,995.0475,1496.025,424.21,8.03
Plt1412,77.61,26.7,198.17,108.42,89.75,234,35.83,125.58,5.6,79.8,1951.14,19.14,0.41,0.1,29803.33,3967.67,0.13,61.27,78.23,9060,4727.965,1137.095,1690.285,829.74,6.9
Plt1414,78.45,25,193.75,130.17,63.58,276.25,82.5,146.08,5.9,80.65,1659.06,14.48,0.34,0.11,15206.67,2812.33,0.18,65.07,82.47,8650,5332.8525,1038.1975,1070.4,758.75,7.38
Plt1423,77.83,27.1,183.33,102.75,80.58,222.17,38.83,119.42,5.7,79.8,2505.85,19.51,0.46,0.12,23543.33,2016,0.09,64.57,85.6,10660,4052.97,1024.825,696.005,776.76,7.62
Plt1426,79.29,22.1,257,147,110,265.58,8.58,118.58,6,82.35,2202.76,49.48,0.43,0.11,15840,1523.67,0.1,63.3,91.2,9346.67,4213.5675,1102.9325,611.5275,997.9725,7.85
Plt1430,78.19,27,210.33,124.75,85.58,279.25,68.92,154.5,5.7,79.8,1386.4,16.21,0.4,0.11,38226.67,4079.67,0.1,61.77,82.6,15100,11566.25,1696.795,1525.625,2331.75,6.9
Plt1431,77.64,27.1,190.92,121.42,69.5,249,58.08,127.58,5.9,79.8,2103.41,25.72,0.46,0.11,34786.67,2790.67,0.08,63.5,87.1,13800,9287.25,1503.57,796.4175,1183.1225,7.14
Plt1432,78.53,22.7,252.42,134.75,117.67,255.5,3.08,120.75,5.8,82.35,1597.79,28.22,0.46,0.1,22843.33,2316.67,0.1,62.37,83.9,8340,4291.7675,1114.885,810.6525,758.0025,7.85
Plt1433,69.06,27.5,232.75,185.42,47.33,329.25,96.5,143.83,6.3,74.4,2261.85,6.8,0.53,0.12,29870,3040,0.1,53.53,84.97,13900,2131.25,1630.53,759.5875,3275,5.58
Plt1434,78.26,21.5,266.58,137.33,129.25,255,-11.58,117.67,5.9,81.35,1818.89,61.65,0.45,0.1,39423.33,4980,0.13,59.4,77.47,13550,6424.51,1356.1875,1540,561.5525,7.79
Plt1437,77,25.8,191.42,118.25,73.17,249.33,57.92,131.08,5.7,79.8,1959.26,28.19,0.48,0.12,29860,4508.33,0.15,62.7,79.63,52800,3265,1075.4525,2120.4375,1531,8.15
Plt1443,77.35,26.3,158.25,84.17,74.08,190.67,32.42,106.5,5.7,79.8,2206.19,36.17,0.41,0.11,26670,3171.67,0.12,66.05,77.9,9760,4876.0025,909.185,624.705,576.0275,6.96
Plt1452,78.06,22,268.58,137.83,130.75,269.83,1.25,132,5.9,81.35,1256.21,32.95,0.39,0.12,30283.33,3316,0.11,63.4,80.83,12950,4276.1075,1097.6525,1575.6175,1559.625,7.14
Plt1453,77.16,26.7,270.33,186.58,83.75,340.33,70,153.75,5.9,79,2159.68,17.13,0.44,0.11,35466.67,6201.67,0.17,61.07,80.53,13850,5157.085,1656.4225,2221.6825,996.9975,8.27
Plt1459,66.45,26.5,307.58,242.92,64.67,433.83,126.25,190.92,6.3,73.6,1861.95,23.68,0.42,0.1,27693.33,2557.33,0.1,51.73,89.43,11530,1893.385,1166.0425,1107,1358.0875,6.84
Plt1460,77.99,25.6,308.92,188.83,120.08,341.92,33,153.08,5.9,79.8,1713.22,11.95,0.41,0.11,31043.33,4709.33,0.15,66.6,78.37,10696.67,6529.0125,1158.3,938.2025,635.2325,7.02
Plt1461,77.79,26.2,272.83,191.5,81.33,338.42,65.58,146.92,6.1,80.65,1698.69,10.15,0.37,0.1,23853.33,4977,0.22,63.7,82.4,12350,1433.8575,763.9725,1250.375,403.94,8.03
Plt1462,78.58,28.2,266,163.92,102.08,354,88,190.08,5.7,81.35,2125.12,9.24,0.46,0.15,21116.67,3166.67,0.16,61,84.93,10213.33,7662.635,1185.5875,1018.4175,902.0025,7.02
Plt1463,77.18,25.8,209.83,136.58,73.25,273.67,63.83,137.08,5.9,79.8,3041.74,21.74,0.5,0.15,22686.67,2056.33,0.09,61.93,91.17,14950,4182.6475,1093.9125,1997.375,2033.5,7.68
Plt1464,78.07,25.9,304.42,198.42,106,348.67,44.25,150.25,5.9,81.35,2089.19,22.98,0.4,0.12,17580,1530,0.09,64.37,90,9330,1724.2475,928.265,484.4375,1170.5,7.62
Plt1465,77.94,26.2,314.58,205.75,108.83,353.67,39.08,147.92,6,79.8,2465.69,22.67,0.47,0.11,37280,4538,0.12,63.05,81.17,13766.67,4519.8575,1501.9875,2499,1583.9725,7.44
Plt1466,76.45,27.3,227.5,141.17,86.33,279.83,52.33,138.67,5.9,78.3,1856.58,34.85,0.4,0.1,43320,8272,0.2,56.6,78.43,16300,6418.2725,1486.9,2082.5,2283.5,8.03
Plt1480,77.75,25.2,197.5,127.17,70.33,264.83,67.33,137.67,5.9,79,1114.51,7.04,0.39,0.09,33896.67,3351.67,0.1,63,78.47,11190,5907.6625,1244.1175,813.46,565.2375,7.85
Plt1484,77.33,23.5,208.58,131.83,76.75,281.58,73,149.75,5.9,78.3,865.41,7.12,0.33,0.1,48486.67,4693.33,0.1,60.17,78.47,16300,7357.4725,1765.615,1821.3325,1159.69,8.15
Plt1503,68.01,26,279.42,216.58,62.83,358.33,78.92,141.75,6.3,71.2,2204.84,21.94,0.38,0.14,29146.67,3510.67,0.12,53.5,81.23,12000,6877.2925,1231.6125,1702.0325,2356.125,8.51
Plt1505,77.75,22,267.33,140.58,126.75,261.75,-5.58,121.17,5.9,78.3,1609.67,36.84,0.42,0.13,30100,3356,0.11,62.63,79.83,9900,6188.335,1238.7325,938.125,784.125,7.85
Plt1510,78.23,19.4,274.08,167,107.08,307.5,33.42,140.5,6,79,1958.1,16.51,0.52,0.13,33333.33,3821.33,0.11,60.17,78.17,12300,5084.6425,1224.07,1036.9425,427.5275,8.03
Plt1513,67.57,25.1,335.08,280.25,54.83,399.42,64.33,119.17,6.7,71.2,1645.31,8.19,0.44,0.12,27743.33,2503,0.09,56.87,90,18000,3624.04,1808.655,856.84,1703.0525,7.62
Plt1517,76.88,27.4,209.58,126,83.58,262.42,52.83,136.42,5.8,79,2567.22,17.61,0.47,0.13,52146.67,7232,0.14,62.13,77.47,16433.33,8858.2725,1816.495,2538.9725,2500.25,7.2
Plt1519,77.85,26.3,191.83,131,60.83,278.58,86.75,147.58,5.8,80.65,1960.49,18.43,0.48,0.12,37786.67,3623,0.09,60.6,82.6,14966.67,8134.28,1523.14,3182.555,3373.2,7.97
Plt1521,78.07,27.1,207.5,124.92,82.58,257.67,50.17,132.75,5.8,79,1822.78,10.98,0.46,0.12,44890,5479,0.12,64.83,78.03,12800,10552.6925,1536.615,2394.5725,1211.355,7.5
Plt1523,76.52,25.9,221.67,123.08,98.58,274.83,53.17,151.75,5.6,77.5,2097.47,21.39,0.47,0.12,39856.67,4225.33,0.1,58.57,80,13466.67,5263.3375,1522.085,1544.36,1358.9725,7.38
Plt1528,77.72,25.1,191.17,121.92,69.25,255,63.83,133.08,5.9,79,2987.42,4.86,0.47,0.14,32060,3399.67,0.11,67.03,78.97,9786.67,8097.9175,1256.4225,1600.865,857.735,7.97
Plt1529,67.06,26.5,296,238.75,57.25,406.75,110.75,168,6.3,72.05,2319.19,18.52,0.39,0.1,38136.67,4242.67,0.11,51.5,76.93,13166.67,2985.6325,1604.2225,1587.3775,1277.05,8.27
Plt1531,76.75,27.6,202.58,123.67,78.92,252.58,50,128.92,5.8,78.3,2288.07,26.37,0.38,0.13,30533.33,3808,0.13,64.37,77.43,9626.67,4636.245,1127.4275,664.195,530.4725,8.51
Plt1534,70.28,22.4,216.83,130,86.83,280.25,63.42,150.25,5.9,72.75,2065.63,21.55,0.46,0.09,19273.33,2512.67,0.13,56.63,90.87,11250,3687.98,1611.1,531,1411.4175,7.85
Plt1535,77.66,24.5,212.75,115.67,97.08,250.08,37.33,134.42,5.6,79.8,903.74,19.5,0.34,0.09,35303.33,2960.33,0.09,64.83,81.57,11500,4830.3025,1403.4775,794.4775,366.3125,7.85
Plt1545,76.65,26.2,307.42,195.33,112.08,358.33,50.92,163,5.9,79,2532.61,17.89,0.48,0.12,42540,4994,0.12,58.4,76.97,14395,6042.615,1545.2025,1797.2925,809.345,7.62
Plt1567,76.67,25.5,298.17,211.33,86.83,351.42,53.25,140.08,6.2,79,2863.15,5.73,0.58,0.15,32496.67,4230.33,0.12,63.93,82.5,10400,11156.25,1396.995,2681.48,1124.2825,7.32
Plt1568,66.73,23.1,219.08,150.83,68.25,271.83,52.75,121,6.1,68.8,1999.44,51.37,0.43,0.09,45626.67,3797,0.08,51.93,75.43,14666.67,7478.525,1495.2275,1493.325,1813.0775,7.5
Plt1591,78.43,25.5,304.67,203.92,100.75,345.83,41.17,141.92,5.9,80.65,1567.89,9.44,0.41,0.1,21736.67,2465,0.11,66.63,83.07,9165,3324.925,944.05,1585.3475,1135.8175,7.08
Plt1605,78.28,20.6,257.67,136,121.67,260.08,2.42,124.08,6,79.8,821.84,14.06,0.33,0.08,31683.33,4755.33,0.15,55.65,80,11733.33,4194.555,1195.0725,1675.11,1298.9025,7.38
Plt1606,78.18,28.5,188.75,110.42,78.33,229.75,41,119.33,5.5,79,803.2,9.24,0.51,0.11,46016.67,7920.33,0.18,63.27,78,14436.67,7198.9225,1721.5575,1896.055,1357.49,7.38
Plt1608,77.5,26.2,187.58,135.17,52.42,241.67,54.08,106.5,5.9,79,1951.79,22.68,0.4,0.11,48400,5759,0.12,63.5,77.9,13550,7284.125,1704.675,1455.75,648.5075,9.22
Plt1611,76.87,26.2,182.33,121.75,60.58,246.33,64,124.58,5.7,78.3,1743.54,35.54,0.37,0.1,28980,3647.33,0.13,63.73,78.63,11605,2816.4,1129.0825,780.9175,830.295,8.57
Plt1612,77.38,27.1,181.83,115.42,66.42,243.33,61.5,127.92,5.7,79.8,2727.81,43.3,0.53,0.11,28620,3436.33,0.13,61.93,81.37,14200,5485.9225,1404.9675,400.5025,1282.615,8.27
Plt1629,77.69,26.2,259.08,175.58,83.5,322.17,63.08,146.58,5.9,79.8,1591.94,5.97,0.49,0.11,26030,2918.33,0.12,61.27,80.57,9936.5,3117.2775,1159.02,1134.065,1284.795,8.09
Plt1631,77.49,27.9,195.67,130.67,65,253.75,58.08,123.08,5.7,80.65,1859.38,15.09,0.37,0.11,30713.33,5284.67,0.17,63.07,78.93,13950,5456.7525,1342.36,1240.65,1504.76,7.62
Plt1634,78.53,26.2,264.08,201,63.08,339.83,75.75,138.83,6.1,81.35,1316.51,15.84,0.38,0.1,23370,2970,0.13,64.17,87.03,12850,2466.6075,1169.7,1100.25,560.2025,7.91
Plt1635,77.64,32.6,179.25,109.67,69.58,238.75,59.5,129.08,5.7,79.8,2672.32,22.26,0.48,0.12,18623.33,1607,0.09,60.63,91.93,11610,1605.41,1012.37,775.78,985.195,8.75
Plt1636,79.06,24.9,268.75,191.5,77.25,323.25,54.5,131.75,6.2,81.35,1622.65,10.17,0.4,0.1,32713.33,3343.67,0.1,66.37,80.7,11866.67,5911.8025,1342.445,1823.6675,1247.945,7.44
Plt1647,78.42,27.2,262.92,182.83,80.08,336.08,73.17,153.25,5.9,81.35,649.08,4.08,0.56,0.1,32856.67,3586,0.11,64.05,81.7,12166.67,5887.5,1442.505,1472.5,1464.8225,7.97
Plt1649,77.92,25.9,235.25,168.33,66.92,288.33,53.08,120,5.9,79.8,2014.07,18.6,0.39,0.12,21806.67,3239,0.14,65.03,85.57,12650,4412.3275,1069.9175,2682.665,466.3075,8.93
Plt1657,77.8,25.9,245.17,193.25,51.92,300,54.83,106.75,6.3,79.8,1889.38,23.74,0.45,0.09,46363.33,5613,0.12,62.7,78.23,19076.67,7666.6175,1410.01,1482.815,755.985,9.52
Plt1662,79.14,19.1,238.92,137.58,101.33,255.83,16.92,118.25,6,80.65,931.48,28.45,0.35,0.09,33176.67,4163.33,0.13,62.17,78.93,12214,4473.865,1142.05,2852.03,511.1325,8.69